City_ID,City,Country,Date,Lat,Lng,Max Temp,Humidity,Cloudiness,Wind Speed
0,Mataura,NZ,2020-06-19 01:22:44,-46.19,168.86,45.79,69,0,6.13
1,New Norfolk,AU,2020-06-19 01:22:44,-42.78,147.06,46.99,84,100,1.54
2,Butaritari,KI,2020-06-19 01:22:45,3.07,172.79,83.39,62,97,2.95
3,Hobart,AU,2020-06-19 01:21:57,-42.88,147.33,46.99,81,75,6.93
4,Rikitea,PF,2020-06-19 01:22:46,-23.12,-134.97,74.68,87,100,17.81
5,Kassala,SD,2020-06-19 01:22:46,15.45,36.4,81.37,54,26,16.87
6,Port Alfred,ZA,2020-06-19 01:22:46,-33.59,26.89,60.01,62,0,5.01
7,Hofn,IS,2020-06-19 01:22:47,64.25,-15.21,49.05,82,0,0.34
8,Khatanga,RU,2020-06-19 01:22:47,71.97,102.5,56.03,53,27,10.54
9,Antofagasta,CL,2020-06-19 01:18:17,-23.65,-70.4,59.0,82,90,3.36
10,Sabang,ID,2020-06-19 01:22:47,5.89,95.32,83.68,74,67,10.6
11,Qaanaaq,GL,2020-06-19 01:22:47,77.48,-69.36,31.69,93,0,2.86
12,Bilibino,RU,2020-06-19 01:22:48,68.05,166.44,77.0,24,0,10.45
13,Baghdad,IQ,2020-06-19 01:22:48,33.34,44.4,80.6,30,0,8.05
14,Aykhal,RU,2020-06-19 01:22:48,66.0,111.5,64.4,59,75,8.95
15,Ushuaia,AR,2020-06-19 01:22:48,-54.8,-68.3,33.8,74,2,2.24
16,Brae,GB,2020-06-19 01:18:29,60.4,-1.35,50.0,100,100,10.29
17,Port-Gentil,GA,2020-06-19 01:22:49,-0.72,8.78,73.22,87,100,7.87
18,Seto,JP,2020-06-19 01:22:49,35.23,137.1,66.99,88,100,3.33
19,Kavieng,PG,2020-06-19 01:22:49,-2.57,150.8,85.28,65,1,1.95
20,Tautira,PF,2020-06-19 01:22:50,-17.73,-149.15,84.2,70,75,1.12
21,Kirensk,RU,2020-06-19 01:22:50,57.79,108.11,62.38,54,0,6.76
22,Busselton,AU,2020-06-19 01:22:50,-33.65,115.33,48.99,95,77,4.97
23,Coos Bay,US,2020-06-19 01:22:50,43.37,-124.22,73.99,72,1,17.22
24,Jamestown,US,2020-06-19 01:22:50,42.1,-79.24,73.4,49,1,3.36
25,Durban,ZA,2020-06-19 01:22:51,-29.86,31.03,55.99,81,9,3.36
26,Sitka,US,2020-06-19 01:22:51,57.05,-135.33,53.6,93,90,8.05
27,Klaksvik,FO,2020-06-19 01:20:07,62.23,-6.59,48.2,100,99,4.7
28,Kodiak,US,2020-06-19 01:22:51,57.79,-152.41,51.8,76,90,12.75
29,Capesterre-Belle-Eau,GP,2020-06-19 01:22:52,16.04,-61.57,82.4,74,75,8.05
30,Kabare,CD,2020-06-19 01:22:52,-2.47,28.82,58.23,82,84,0.31
31,East London,ZA,2020-06-19 01:22:52,-33.02,27.91,61.14,64,0,11.68
32,Luderitz,NA,2020-06-19 01:22:52,-26.65,15.16,69.8,29,0,5.82
33,Constitucion,CL,2020-06-19 01:22:53,-35.33,-72.42,55.87,93,100,24.07
34,Pacific Grove,US,2020-06-19 01:22:00,36.62,-121.92,71.6,49,1,5.82
35,Razdolinsk,RU,2020-06-19 01:22:53,58.42,94.67,59.76,54,100,7.36
36,Tasiilaq,GL,2020-06-19 01:22:53,65.61,-37.64,41.0,86,100,40.26
37,Miri,MY,2020-06-19 01:22:54,4.41,114.01,80.6,88,75,8.05
38,Beaverlodge,CA,2020-06-19 01:22:54,55.22,-119.44,75.2,38,40,2.24
39,Banda Aceh,ID,2020-06-19 01:22:54,5.56,95.32,82.65,74,68,7.72
40,Shenjiamen,CN,2020-06-19 01:22:55,29.96,122.3,70.03,93,100,11.41
41,Hobyo,SO,2020-06-19 01:22:55,5.35,48.53,78.26,75,34,25.61
42,Upernavik,GL,2020-06-19 01:22:55,72.79,-56.15,35.8,84,0,10.98
43,Bethel,US,2020-06-19 01:22:55,41.37,-73.41,72.0,83,1,4.7
44,Fortuna,US,2020-06-19 01:22:55,40.6,-124.16,64.0,77,1,11.41
45,Touros,BR,2020-06-19 01:22:56,-5.2,-35.46,71.6,100,75,3.36
46,Albany,US,2020-06-19 01:22:56,42.6,-73.97,78.01,62,90,4.74
47,Puerto Quijarro,BO,2020-06-19 01:22:56,-17.78,-57.77,74.77,66,56,2.19
48,Gejiu,CN,2020-06-19 01:22:56,23.31,103.16,63.64,100,90,3.69
49,Yaan,NG,2020-06-19 01:19:00,7.38,8.57,73.47,94,100,4.72
50,Vendychany,UA,2020-06-19 01:22:57,48.61,27.79,61.0,93,100,3.91
51,Belaya Gora,RU,2020-06-19 01:22:57,68.53,146.42,89.44,17,0,13.22
52,Mount Gambier,AU,2020-06-19 01:22:57,-37.83,140.77,55.4,66,0,16.11
53,Geraldton,AU,2020-06-19 01:18:06,-28.77,114.6,51.8,87,0,8.05
54,Cidreira,BR,2020-06-19 01:22:58,-30.18,-50.21,67.3,95,23,7.96
55,Kaitangata,NZ,2020-06-19 01:22:58,-46.28,169.85,50.0,62,10,15.01
56,Nishihara,JP,2020-06-19 01:22:58,26.18,127.76,86.0,79,75,25.28
57,Auki,SB,2020-06-19 01:22:58,-8.77,160.7,86.32,67,37,3.09
58,Ostrovnoy,RU,2020-06-19 01:22:59,68.05,39.51,42.91,93,100,15.46
59,Bluff,NZ,2020-06-19 01:22:59,-46.6,168.33,46.92,69,0,11.32
60,Bambanglipuro,ID,2020-06-19 01:22:59,-7.95,110.28,80.69,79,9,14.94
61,Grenaa,DK,2020-06-19 01:22:59,56.42,10.88,62.6,93,89,3.36
62,Bilma,NE,2020-06-19 01:22:59,18.69,12.92,85.98,19,0,3.96
63,Faanui,PF,2020-06-19 01:23:00,-16.48,-151.75,80.33,75,24,0.43
64,Ubinskoye,RU,2020-06-19 01:23:00,55.31,79.68,47.77,88,67,13.13
65,Atuona,PF,2020-06-19 01:23:00,-9.8,-139.03,80.44,74,4,13.09
66,Man,CI,2020-06-19 01:23:01,7.41,-7.55,71.87,94,99,3.49
67,Puerto Ayora,EC,2020-06-19 01:23:01,-0.74,-90.35,71.01,89,87,10.83
68,Najran,SA,2020-06-19 01:23:01,17.49,44.13,78.8,21,1,3.51
69,Mar Del Plata,AR,2020-06-19 01:19:12,-38.0,-57.56,52.0,87,0,9.17
70,Saint-Philippe,RE,2020-06-19 01:23:02,-21.36,55.77,69.8,64,78,23.04
71,Vaini,TO,2020-06-19 01:23:02,-21.2,-175.2,73.4,88,90,13.87
72,Beloha,MG,2020-06-19 01:23:03,-25.17,45.05,63.0,84,10,12.37
73,Chardara,KZ,2020-06-19 01:23:03,41.25,67.97,69.12,34,0,6.51
74,Komsomolskiy,UZ,2020-06-19 01:18:45,40.43,71.72,66.2,48,0,2.24
75,Havre-Saint-Pierre,CA,2020-06-19 01:23:04,50.23,-63.6,62.6,82,1,4.7
76,Champerico,GT,2020-06-19 01:23:04,14.3,-91.92,82.35,74,100,1.86
77,Bredasdorp,ZA,2020-06-19 01:23:04,-34.53,20.04,59.0,47,0,6.38
78,Sofiyivka,UA,2020-06-19 01:23:04,48.05,33.87,68.0,56,100,8.95
79,Tiksi,RU,2020-06-19 01:23:05,71.69,128.87,55.54,67,100,4.29
80,Carutapera,BR,2020-06-19 01:23:05,-1.2,-46.02,74.93,91,100,6.69
81,Soyo,AO,2020-06-19 01:23:05,-6.13,12.37,72.59,90,90,1.7
82,Mahebourg,MU,2020-06-19 01:23:05,-20.41,57.7,71.6,68,75,13.87
83,Provideniya,RU,2020-06-19 01:20:07,64.38,-173.3,55.4,62,15,11.18
84,Cape Town,ZA,2020-06-19 01:20:31,-33.93,18.42,62.6,42,0,6.93
85,Torbay,CA,2020-06-19 01:23:06,47.67,-52.73,62.01,72,90,13.87
86,Airai,TL,2020-06-19 01:23:06,-8.93,125.41,66.47,87,75,6.22
87,Arraial Do Cabo,BR,2020-06-19 01:23:07,-22.97,-42.03,69.8,83,61,10.29
88,Cabo San Lucas,MX,2020-06-19 01:22:00,22.89,-109.91,87.8,27,5,18.34
89,Marzuq,YE,2020-06-19 01:23:07,14.4,46.47,82.22,32,100,5.66
90,Barrow,US,2020-06-19 01:23:07,71.29,-156.79,44.6,70,1,12.75
91,Krasnoselkup,RU,2020-06-19 01:23:08,65.7,82.47,47.71,52,11,18.9
92,Saint-Pierre,RE,2020-06-19 01:23:08,-21.34,55.48,69.8,64,46,23.04
93,Port Augusta,AU,2020-06-19 01:23:08,-32.5,137.77,62.6,39,0,24.16
94,Moranbah,AU,2020-06-19 01:23:08,-22.0,148.05,68.92,64,47,19.75
95,Kenai,US,2020-06-19 01:23:09,60.55,-151.26,57.2,66,20,13.87
96,Merrill,US,2020-06-19 01:23:09,45.18,-89.68,77.0,57,40,3.36
97,Sinnamary,GF,2020-06-19 01:23:09,5.38,-52.95,77.67,83,100,6.38
98,Nikolskoye,RU,2020-06-19 01:23:09,59.7,30.79,62.6,82,0,2.24
99,Kupang,ID,2020-06-19 01:23:10,-10.17,123.58,84.2,62,40,19.46
100,Hilo,US,2020-06-19 01:23:10,19.73,-155.09,82.4,54,40,6.93
101,Dingle,PH,2020-06-19 01:23:10,11.0,122.67,80.6,79,100,5.21
102,Tuktoyaktuk,CA,2020-06-19 01:23:10,69.45,-133.04,44.6,81,20,9.17
103,Castro,BR,2020-06-19 01:23:11,-24.79,-50.01,57.87,94,100,4.81
104,Ojinaga,MX,2020-06-19 01:23:11,29.57,-104.42,100.4,12,1,3.36
105,Yellowknife,CA,2020-06-19 01:21:05,62.46,-114.35,68.0,34,20,16.11
106,Georgetown,MY,2020-06-19 01:20:03,5.41,100.34,82.4,94,20,6.93
107,Avarua,CK,2020-06-19 01:23:12,-21.21,-159.78,75.2,64,94,11.41
108,Finschhafen,PG,2020-06-19 01:23:12,-6.6,147.87,83.62,69,0,11.12
109,Farafangana,MG,2020-06-19 01:23:12,-22.82,47.83,68.02,85,47,12.35
110,Douentza,ML,2020-06-19 01:23:13,15.0,-2.95,84.06,45,100,0.34
111,Hermanus,ZA,2020-06-19 01:23:13,-34.42,19.23,50.0,77,0,1.01
112,Pevek,RU,2020-06-19 01:23:13,69.7,170.31,41.63,68,0,9.19
113,Kapaa,US,2020-06-19 01:23:13,22.08,-159.32,81.0,74,75,18.34
114,Kitgum,UG,2020-06-19 01:23:13,3.28,32.89,65.34,92,81,2.64
115,Saskylakh,RU,2020-06-19 01:23:14,71.92,114.08,76.37,34,100,11.27
116,Punta Arenas,CL,2020-06-19 01:23:14,-53.15,-70.92,37.4,93,100,9.17
117,Makakilo City,US,2020-06-19 01:23:14,21.35,-158.09,87.8,45,1,9.17
118,Norman Wells,CA,2020-06-19 01:23:15,65.28,-126.83,77.0,38,75,4.7
119,Chokurdakh,RU,2020-06-19 01:23:15,70.63,147.92,87.06,23,40,3.24
120,Katsuura,JP,2020-06-19 01:23:15,35.13,140.3,66.2,93,75,10.29
121,Bambous Virieux,MU,2020-06-19 01:23:15,-20.34,57.76,71.6,68,75,13.87
122,Severo-Kurilsk,RU,2020-06-19 01:23:15,50.68,156.12,44.37,86,95,11.45
123,Benghazi,LY,2020-06-19 01:23:16,32.12,20.07,74.44,48,0,3.06
124,Lavrentiya,RU,2020-06-19 01:23:16,65.58,-171.0,54.43,57,100,2.95
125,Pahrump,US,2020-06-19 01:23:16,36.21,-115.98,96.01,7,0,3.0
126,Manjacaze,MZ,2020-06-19 01:23:16,-24.71,33.88,61.0,93,57,5.79
127,Takhatpur,IN,2020-06-19 01:23:17,22.15,81.87,82.62,61,100,1.9
128,Kuching,MY,2020-06-19 01:21:25,1.55,110.33,80.6,83,20,6.93
129,Clinton,US,2020-06-19 01:23:17,42.59,-82.92,81.0,64,40,8.05
130,College,US,2020-06-19 01:23:17,64.86,-147.8,75.2,27,75,8.05
131,Dhidhdhoo,MV,2020-06-19 01:23:17,6.88,73.1,84.38,77,89,13.38
132,Noumea,NC,2020-06-19 01:20:55,-22.28,166.46,78.8,57,75,13.87
133,Asau,RO,2020-06-19 01:23:18,46.43,26.4,61.0,95,63,4.16
134,Thompson,CA,2020-06-19 01:23:18,55.74,-97.86,39.2,100,90,14.99
135,Salaga,GH,2020-06-19 01:23:18,8.55,-0.52,73.4,92,99,2.89
136,Mana,GF,2020-06-19 01:23:19,5.66,-53.78,77.41,86,100,6.51
137,Hovelhof,DE,2020-06-19 01:23:19,51.82,8.65,57.0,93,100,3.13
138,Sindor,RU,2020-06-19 01:23:19,62.86,51.89,50.32,78,100,4.27
139,Nanortalik,GL,2020-06-19 01:23:19,60.14,-45.24,38.23,87,69,4.61
140,Bandundu,CD,2020-06-19 01:23:19,-3.32,17.37,71.08,49,81,0.78
141,Cherskiy,RU,2020-06-19 01:23:19,68.75,161.3,78.98,26,0,9.48
142,Victoria,HK,2020-06-19 01:20:06,22.29,114.16,89.01,62,58,11.01
143,Esperance,AU,2020-06-19 01:23:20,-33.87,121.9,51.8,100,40,11.41
144,Lakatoro,VU,2020-06-19 01:23:20,-16.1,167.42,80.6,74,75,8.05
145,Hovd,MN,2020-06-19 01:23:20,48.01,91.64,65.37,27,99,9.6
146,Laguna,US,2020-06-19 01:23:21,38.42,-121.42,97.0,10,1,5.82
147,Mubi,NG,2020-06-19 01:23:21,10.27,13.26,74.97,78,10,3.89
148,Bay Roberts,CA,2020-06-19 01:23:21,47.6,-53.26,61.0,55,23,16.28
149,Hay River,CA,2020-06-19 01:23:21,60.82,-115.8,78.8,36,20,11.41
150,Luxor,EG,2020-06-19 01:21:57,25.7,32.64,82.4,42,0,2.24
151,Simav,TR,2020-06-19 01:23:22,39.09,28.98,57.18,83,0,2.91
152,Tonantins,BR,2020-06-19 01:23:22,-2.87,-67.8,74.39,93,59,0.51
153,Matara,LK,2020-06-19 01:23:22,5.95,80.54,80.4,87,0,10.42
154,Marystown,CA,2020-06-19 01:23:22,47.17,-55.15,56.88,78,92,16.62
155,Russell,US,2020-06-19 01:23:23,32.35,-85.2,82.4,78,1,3.67
156,Port Elizabeth,ZA,2020-06-19 01:23:23,-33.92,25.57,50.0,71,0,4.7
157,Pisco,PE,2020-06-19 01:23:23,-13.7,-76.22,64.4,82,90,11.41
158,Ancud,CL,2020-06-19 01:23:23,-41.87,-73.82,48.99,93,75,11.41
159,Ballina,AU,2020-06-19 01:23:23,-28.87,153.57,62.6,93,90,6.93
160,Vilhena,BR,2020-06-19 01:23:24,-12.74,-60.15,70.18,76,25,3.96
161,Kaeo,NZ,2020-06-19 01:23:24,-35.1,173.78,57.99,3,60,5.99
162,Hammerfest,NO,2020-06-19 01:23:25,70.66,23.68,41.0,93,75,25.28
163,Pundaguitan,PH,2020-06-19 01:23:25,6.37,126.17,83.17,74,22,4.81
164,Lockhart,US,2020-06-19 01:23:25,28.62,-81.44,78.8,83,40,7.25
165,Kruisfontein,ZA,2020-06-19 01:23:25,-34.0,24.73,55.29,44,0,6.53
166,Dwarka,IN,2020-06-19 01:23:25,22.24,68.97,85.28,79,30,14.52
167,Mocuba,MZ,2020-06-19 01:19:02,-16.84,36.99,61.02,98,56,5.3
168,Lucea,JM,2020-06-19 01:23:26,18.45,-78.17,80.6,88,40,2.24
169,Contai,IN,2020-06-19 01:23:26,21.78,87.75,84.92,75,100,9.75
170,Gladstone,AU,2020-06-19 01:23:26,-23.85,151.25,69.8,68,75,14.99
171,Whitley Bay,GB,2020-06-19 01:23:26,55.04,-1.45,54.0,93,100,4.7
172,Kisangani,CD,2020-06-19 01:23:27,0.52,25.2,69.49,65,100,0.49
173,Fort Nelson,CA,2020-06-19 01:23:27,58.81,-122.7,78.8,36,75,2.24
174,Saldanha,ZA,2020-06-19 01:23:27,-33.01,17.94,62.6,42,0,13.87
175,Kattivakkam,IN,2020-06-19 01:23:27,13.22,80.32,87.8,58,40,6.93
176,Nan,TH,2020-06-19 01:23:28,18.83,100.67,77.0,94,90,6.93
177,Fukue,JP,2020-06-19 01:23:28,32.69,128.84,69.8,100,75,10.29
178,Sechura,PE,2020-06-19 01:23:28,-5.56,-80.82,67.3,74,24,15.43
179,Gizo,SB,2020-06-19 01:23:28,-8.1,156.84,83.53,73,20,1.36
180,Paraiso,CR,2020-06-19 01:23:29,9.84,-83.87,71.6,100,75,3.36
181,Lebu,CL,2020-06-19 01:23:29,-37.62,-73.65,54.45,85,67,12.77
182,Fare,PF,2020-06-19 01:23:29,-16.7,-151.02,81.59,75,61,5.48
183,Ahipara,NZ,2020-06-19 01:23:29,-35.17,173.17,57.4,63,19,12.19
184,Joacaba,BR,2020-06-19 01:19:51,-27.18,-51.5,62.11,86,69,1.07
185,Ribeira Grande,PT,2020-06-19 01:23:30,38.52,-28.7,64.35,90,9,7.67
186,Iqaluit,CA,2020-06-19 01:22:47,63.75,-68.51,39.2,64,75,11.41
187,Itoman,JP,2020-06-19 01:23:30,26.12,127.67,86.0,84,75,20.8
188,Cabedelo,BR,2020-06-19 01:23:30,-6.98,-34.83,73.4,100,90,8.05
189,Aswan,EG,2020-06-19 01:18:32,24.09,32.91,79.66,24,0,12.48
190,Luanda,AO,2020-06-19 01:23:31,-8.84,13.23,71.6,94,75,3.94
191,Leiyang,CN,2020-06-19 01:23:31,26.4,112.86,81.88,82,86,2.51
192,Sao Filipe,CV,2020-06-19 01:23:32,14.9,-24.5,80.92,60,0,8.95
193,Hvolsvollur,IS,2020-06-19 01:23:32,63.75,-20.22,46.0,89,69,1.01
194,Beira,MZ,2020-06-19 01:23:32,-19.84,34.84,66.0,93,75,10.29
195,Bone,DE,2020-06-19 01:23:32,51.97,12.14,61.0,94,100,1.01
196,Ponta Do Sol,PT,2020-06-19 01:23:33,32.67,-17.1,69.8,73,20,10.29
197,Chernyshevskiy,RU,2020-06-19 01:23:33,63.01,112.47,59.65,62,83,2.15
198,San Vicente,AR,2020-06-19 01:23:33,-26.62,-54.13,65.68,88,29,4.65
199,Aras,ES,2020-06-19 01:23:33,42.56,-2.36,53.6,93,6,3.11
200,Grand-Santi,GF,2020-06-19 01:23:34,4.25,-54.38,74.5,97,100,2.28
201,Avera,US,2020-06-19 01:23:34,33.19,-82.53,77.0,78,90,4.7
202,Minab,IR,2020-06-19 01:23:34,27.15,57.08,89.6,79,20,6.93
203,High Level,CA,2020-06-19 01:23:34,58.52,-117.14,75.2,47,20,11.41
204,Veinte De Noviembre,MX,2020-06-19 01:23:34,14.98,-92.25,80.6,100,40,2.48
205,Lompoc,US,2020-06-19 01:23:35,34.64,-120.46,66.99,72,1,11.41
206,Sistranda,NO,2020-06-19 01:23:35,63.73,8.83,53.6,87,20,4.7
207,Bibiani,GH,2020-06-19 01:23:35,6.46,-2.32,70.9,100,100,1.63
208,Dikson,RU,2020-06-19 01:23:35,73.51,80.55,32.61,99,100,15.21
209,Coihaique,CL,2020-06-19 01:23:36,-45.58,-72.07,41.0,86,20,4.7
210,Port Hardy,CA,2020-06-19 01:23:36,50.7,-127.42,66.2,72,90,2.24
211,Mitu,CO,2020-06-19 01:23:36,1.2,-70.17,73.27,96,99,1.74
212,Alamosa,US,2020-06-19 01:19:01,37.47,-105.87,69.8,22,1,10.29
213,Mount Isa,AU,2020-06-19 01:23:37,-20.73,139.5,75.2,53,0,11.41
214,Laurinburg,US,2020-06-19 01:23:37,34.77,-79.46,75.2,73,90,4.7
215,Merauke,ID,2020-06-19 01:23:37,-8.47,140.33,80.85,73,100,13.65
216,Sao Francisco,BR,2020-06-19 01:23:37,-15.95,-44.86,66.31,60,0,4.94
217,Agadir,MA,2020-06-19 01:23:37,30.42,-9.6,68.0,77,0,2.86
218,Starachowice,PL,2020-06-19 01:23:38,51.04,21.07,62.01,93,0,3.2
219,Gamba,GA,2020-06-19 01:23:38,-2.65,10.0,73.54,88,100,1.63
220,Uyemskiy,RU,2020-06-19 01:23:38,64.47,40.85,57.2,82,40,6.71
221,Cervo,ES,2020-06-19 01:23:38,43.67,-7.41,55.99,90,53,1.01
222,Ferrol,ES,2020-06-19 01:23:39,43.48,-8.24,53.6,87,60,5.82
223,Lagoa,PT,2020-06-19 01:23:39,39.05,-27.98,64.0,90,0,11.81
224,Sao Felix Do Xingu,BR,2020-06-19 01:23:39,-6.64,-51.99,71.6,79,30,2.64
225,San Cristobal,VE,2020-06-19 01:23:39,7.77,-72.22,75.2,94,75,13.87
226,Salta,AR,2020-06-19 01:22:44,-24.79,-65.41,51.8,76,88,2.24
227,Puerto Madero,MX,2020-06-19 01:23:40,14.72,-92.42,80.6,100,40,5.26
228,Partizanskoye,RU,2020-06-19 01:23:40,55.5,94.39,61.02,83,54,16.42
229,Xingyi,CN,2020-06-19 01:23:40,24.19,102.82,67.12,91,71,4.32
230,Hasaki,JP,2020-06-19 01:23:40,35.73,140.83,66.2,100,75,12.75
231,Penarroya-Pueblonuevo,ES,2020-06-19 01:23:40,38.3,-5.27,64.4,68,0,4.7
232,Zheleznodorozhnyy,RU,2020-06-19 01:23:41,55.75,38.0,71.01,93,1,6.71
233,Kumluca,TR,2020-06-19 01:23:41,36.37,30.29,73.42,58,0,4.27
234,San Jose,US,2020-06-19 01:22:00,37.34,-121.89,90.0,23,75,19.46
235,Guarapari,BR,2020-06-19 01:23:41,-20.67,-40.5,66.99,93,0,4.9
236,Grindavik,IS,2020-06-19 01:23:41,63.84,-22.43,48.2,93,75,13.87
237,Kindu,CD,2020-06-19 01:23:42,-2.95,25.95,70.48,63,75,0.2
238,Alindao,CF,2020-06-19 01:23:42,5.03,21.21,70.66,91,98,1.54
239,Luba,GQ,2020-06-19 01:23:43,3.46,8.55,78.28,83,100,8.59
240,Staicele,LV,2020-06-19 01:23:43,57.84,24.75,66.0,86,0,3.78
241,Awbari,LY,2020-06-19 01:23:43,26.59,12.78,78.06,17,0,7.4
242,Riyadh,SA,2020-06-19 01:19:25,24.69,46.72,82.4,15,0,8.05
243,Chuy,UY,2020-06-19 01:23:43,-33.7,-53.46,55.63,87,60,7.72
244,Sol-Iletsk,RU,2020-06-19 01:23:44,51.16,54.99,54.16,81,0,10.6
245,Helong,CN,2020-06-19 01:23:44,42.54,129.0,63.57,70,95,2.33
246,Faya,SA,2020-06-19 01:23:44,18.39,42.45,69.8,56,57,2.51
247,Bengkulu,ID,2020-06-19 01:23:45,-3.8,102.27,76.91,86,100,3.38
248,Qaqortoq,GL,2020-06-19 01:20:50,60.72,-46.03,41.0,83,97,6.93
249,Morro Bay,US,2020-06-19 01:21:26,35.37,-120.85,73.99,50,9,4.0
250,Mayo,US,2020-06-19 01:22:24,38.89,-76.51,73.99,73,40,5.82
251,Oranjemund,NA,2020-06-19 01:23:46,-28.55,16.43,69.46,29,0,13.71
252,Voh,NC,2020-06-19 01:23:46,-20.97,164.7,78.31,58,61,6.26
253,Saint George,US,2020-06-19 01:23:46,37.1,-113.58,91.0,9,1,11.41
254,Concordia,AR,2020-06-19 01:23:46,-31.39,-58.02,54.0,94,98,1.99
255,Havelock,US,2020-06-19 01:23:46,34.88,-76.9,75.99,64,75,6.17
256,Tucuma,BR,2020-06-19 01:23:47,-0.18,-50.05,76.1,90,91,5.86
257,Santa Cruz De Tenerife,ES,2020-06-19 01:23:47,28.47,-16.25,68.0,93,75,4.7
258,Erdenet,MN,2020-06-19 01:23:47,49.03,104.08,63.68,72,98,2.84
259,Kununurra,AU,2020-06-19 01:23:47,-15.77,128.73,82.4,34,0,9.17
260,Bonfim,BR,2020-06-19 01:23:47,3.08,-59.95,76.42,89,98,3.15
261,Kahului,US,2020-06-19 01:23:48,20.89,-156.47,87.8,52,20,21.92
262,Nizhniy Odes,RU,2020-06-19 01:23:48,63.64,54.86,45.36,58,30,6.6
263,Armidale,AU,2020-06-19 01:23:48,-30.52,151.65,48.99,69,15,5.01
264,Hanna,CA,2020-06-19 01:23:49,51.63,-111.9,57.99,55,100,3.0
265,Clyde River,CA,2020-06-19 01:23:49,70.47,-68.59,32.0,90,90,9.17
266,Bairiki,KI,2020-06-19 01:23:49,1.33,172.98,86.0,66,75,4.7
267,Bathsheba,BB,2020-06-19 01:23:49,13.22,-59.52,82.4,78,20,19.46
268,Kouango,CF,2020-06-19 01:23:49,4.99,19.96,72.59,78,100,1.14
269,Dunedin,NZ,2020-06-19 01:23:50,-45.87,170.5,46.99,73,0,30.0
270,Launceston,AU,2020-06-19 01:23:50,-41.45,147.17,52.0,87,100,3.36
271,Sabha,LY,2020-06-19 01:22:26,27.04,14.43,79.02,17,0,10.78
272,Mecca,SA,2020-06-19 01:21:35,21.43,39.83,86.29,24,97,5.55
273,Gombong,ID,2020-06-19 01:23:51,-7.61,109.51,63.0,65,92,7.74
274,Stawell,AU,2020-06-19 01:23:51,-37.05,142.77,55.36,73,0,20.24
275,Malabo,GQ,2020-06-19 01:23:51,3.75,8.78,77.92,83,100,9.95
276,Baiyin,CN,2020-06-19 01:23:51,36.56,104.21,71.6,37,89,4.47
277,Zemio,CF,2020-06-19 01:23:52,5.03,25.14,66.47,98,100,3.69
278,Vysokogornyy,RU,2020-06-19 01:23:52,50.12,139.15,47.01,92,100,3.33
279,Bud,US,2020-06-19 01:23:52,39.45,-86.18,78.8,50,1,1.45
280,Iskateley,RU,2020-06-19 01:23:52,67.68,53.15,46.71,80,100,9.78
281,Husavik,IS,2020-06-19 01:23:53,66.04,-17.34,46.4,81,0,16.11
282,Tigil,RU,2020-06-19 01:23:53,57.8,158.67,58.6,73,73,4.92
283,Aktas,KZ,2020-06-19 01:23:53,49.78,72.96,50.0,93,75,6.71
284,Port Moresby,PG,2020-06-19 01:23:53,-9.44,147.18,84.2,74,40,17.22
285,Paris,FR,2020-06-19 01:22:09,48.85,2.35,59.0,93,98,5.82
286,Srandakan,ID,2020-06-19 01:23:54,-7.94,110.25,80.67,79,11,14.54
287,Talnakh,RU,2020-06-19 01:23:54,69.49,88.4,46.4,65,100,15.66
288,Vestmannaeyjar,IS,2020-06-19 01:23:54,63.44,-20.27,48.63,78,67,16.33
289,Yerbogachen,RU,2020-06-19 01:23:54,61.28,108.01,68.79,45,31,1.97
290,Dayong,CN,2020-06-19 01:23:55,25.02,118.29,89.6,62,100,8.95
291,Lyubim,RU,2020-06-19 01:23:55,58.36,40.68,54.37,91,7,5.28
292,Metro,ID,2020-06-19 01:23:55,-5.11,105.31,78.53,84,100,2.95
293,Abu Dhabi,AE,2020-06-19 01:23:55,24.47,54.37,87.01,74,0,4.7
294,Adrar,MR,2020-06-19 01:23:55,20.5,-10.07,94.59,19,0,15.43
295,Leningradskiy,RU,2020-06-19 01:23:56,69.38,178.42,45.99,59,0,8.93
296,Belyy Yar,RU,2020-06-19 01:23:56,53.6,91.39,62.6,72,40,11.18
297,Kaberamaido,UG,2020-06-19 01:23:56,1.74,33.16,64.18,89,21,1.14
298,Maroua,CM,2020-06-19 01:23:56,10.59,14.32,81.45,62,91,2.95
299,Toccoa,US,2020-06-19 01:23:56,34.58,-83.33,72.0,78,90,2.55
300,Shebalino,RU,2020-06-19 01:23:57,51.29,85.68,58.23,54,93,8.43
301,Guntakal,IN,2020-06-19 01:23:57,15.17,77.38,78.39,71,100,10.94
302,Carnarvon,AU,2020-06-19 01:23:57,-24.87,113.63,62.6,67,0,11.41
303,Khorinsk,RU,2020-06-19 01:23:57,52.17,109.77,67.93,30,0,3.53
304,Pella,RU,2020-06-19 01:23:57,59.78,30.82,62.6,82,0,2.24
305,Codrington,AU,2020-06-19 01:23:58,-38.27,141.97,57.72,64,87,18.97
306,Paita,PE,2020-06-19 01:23:58,-5.09,-81.11,66.07,80,4,15.82
307,Luganville,VU,2020-06-19 01:23:58,-15.53,167.17,80.6,74,75,8.05
308,Pacifica,US,2020-06-19 01:23:58,37.61,-122.49,69.01,77,1,8.05
309,Vardo,NO,2020-06-19 01:23:58,70.37,31.11,45.23,78,71,21.32
310,Longyearbyen,SJ,2020-06-19 01:23:59,78.22,15.64,46.4,61,20,10.29
311,Pangnirtung,CA,2020-06-19 01:23:59,66.15,-65.71,39.36,72,96,2.1
312,Hithadhoo,MV,2020-06-19 01:23:59,-0.6,73.08,84.34,77,93,10.92
313,Manturovo,RU,2020-06-19 01:23:59,58.34,44.76,50.13,87,0,3.42
314,Tolbazy,RU,2020-06-19 01:23:59,54.02,55.88,46.4,75,0,2.24
315,Alexandria,EG,2020-06-19 01:24:00,31.22,29.96,73.4,78,40,10.29
316,Zambezi,ZM,2020-06-19 01:24:00,-13.54,23.1,49.46,69,0,6.51
317,Westport,US,2020-06-19 01:24:00,41.14,-73.36,70.0,88,20,4.7
318,Baie-Comeau,CA,2020-06-19 01:21:51,49.22,-68.15,64.4,59,1,17.22
319,Nam Som,TH,2020-06-19 01:24:01,17.77,102.19,82.0,100,75,4.7
320,Le Port,RE,2020-06-19 01:24:01,-20.94,55.29,69.8,68,90,17.22
321,Salvador,SV,2020-06-19 01:21:45,13.83,-88.92,78.8,88,20,3.36
322,Ugoofaaru,MV,2020-06-19 01:24:02,5.67,73.0,84.24,75,17,10.69
323,Honningsvag,NO,2020-06-19 01:24:02,70.98,25.97,44.02,82,99,23.06
324,Saint Anthony,US,2020-06-19 01:24:02,45.02,-93.22,68.0,94,75,6.93
325,Kavaratti,IN,2020-06-19 01:24:02,10.57,72.64,84.7,78,100,17.49
326,Gazli,UZ,2020-06-19 01:24:03,40.13,63.45,73.06,20,0,7.67
327,Praia Da Vitoria,PT,2020-06-19 01:24:03,38.73,-27.07,62.6,82,20,6.02
328,Chifeng,CN,2020-06-19 01:24:03,42.27,118.96,78.08,38,0,3.18
329,Bozoum,CF,2020-06-19 01:24:03,6.32,16.38,67.51,93,100,3.67
330,Souris,CA,2020-06-19 01:24:03,49.62,-100.26,53.01,71,90,11.41
331,Martapura,ID,2020-06-19 01:24:04,-3.42,114.85,82.18,78,100,2.93
332,Quelimane,MZ,2020-06-19 01:24:04,-17.88,36.89,64.08,95,70,6.51
333,Dharchula,IN,2020-06-19 01:24:04,29.85,80.53,71.44,64,100,0.25
334,Boueni,YT,2020-06-19 01:24:04,-12.9,45.08,78.8,69,21,19.46
335,Monduli,TZ,2020-06-19 01:24:04,-3.3,36.45,59.0,93,75,6.93
336,Gorontalo,ID,2020-06-19 01:24:05,0.54,123.06,83.34,77,29,3.69
337,San Quintin,MX,2020-06-19 01:24:05,30.48,-115.95,65.88,65,0,10.36
338,Kendari,ID,2020-06-19 01:24:05,-3.94,122.5,74.48,96,100,1.52
339,Hambantota,LK,2020-06-19 01:24:05,6.12,81.12,78.8,100,1,9.17
340,Callaguip,PH,2020-06-19 01:24:05,18.07,120.49,87.8,74,20,4.7
341,Znamenskoye,RU,2020-06-19 01:24:06,57.13,73.83,45.37,61,56,8.52
342,Palembang,ID,2020-06-19 01:24:06,-2.92,104.75,76.23,93,100,2.51
343,Chapais,CA,2020-06-19 01:24:06,49.78,-74.85,80.6,36,1,5.82
344,Great Yarmouth,GB,2020-06-19 01:24:07,52.61,1.73,57.99,99,37,8.7
345,Jumla,NP,2020-06-19 01:24:07,29.27,82.18,63.82,66,35,1.34
346,Kholodnyy,RU,2020-06-19 01:24:07,62.72,147.95,73.27,30,80,12.1
347,Sibolga,ID,2020-06-19 01:24:07,1.74,98.78,80.24,66,77,2.37
348,Noshiro,JP,2020-06-19 01:24:07,40.2,140.02,75.2,69,75,4.7
349,Nouadhibou,MR,2020-06-19 01:24:07,20.93,-17.03,71.6,78,0,21.92
350,Kloulklubed,PW,2020-06-19 01:24:08,7.04,134.26,84.2,74,75,9.17
351,Yulara,AU,2020-06-19 01:24:08,-25.24,130.99,64.4,22,0,11.41
352,Fasa,IR,2020-06-19 01:24:08,28.94,53.65,68.0,32,0,4.7
353,Duluth,US,2020-06-19 01:21:06,46.78,-92.11,71.6,87,90,5.82
354,Puerto Del Rosario,ES,2020-06-19 01:24:09,28.5,-13.86,71.6,78,63,13.87
355,Coquimbo,CL,2020-06-19 01:24:09,-29.95,-71.34,53.6,81,100,9.17
356,Padang,ID,2020-06-19 01:24:09,-0.95,100.35,78.37,76,100,2.62
357,Broome,US,2020-06-19 01:24:09,42.25,-75.83,66.99,93,1,5.82
358,Dingtao,CN,2020-06-19 01:23:13,35.07,115.56,74.08,65,89,7.16
359,Jeremie,HT,2020-06-19 01:21:39,18.65,-74.12,81.41,74,26,2.33
360,Ola,RU,2020-06-19 01:24:11,59.58,151.28,57.6,71,28,6.02
361,Thinadhoo,MV,2020-06-19 01:24:11,0.53,72.93,84.24,76,99,9.24
362,Riosucio,CO,2020-06-19 01:19:43,5.42,-75.7,61.84,95,99,1.72
363,Bac Lieu,VN,2020-06-19 01:24:11,9.29,105.72,84.6,72,100,8.16
364,Sire,NG,2020-06-19 01:24:11,12.93,5.2,84.47,53,100,2.35
365,Nuevo Progreso,MX,2020-06-19 01:24:12,23.17,-97.95,82.99,65,4,1.99
366,Kristiansund,NO,2020-06-19 01:24:12,63.11,7.73,57.2,76,0,14.99
367,Tessalit,ML,2020-06-19 01:24:12,20.2,1.01,90.0,11,0,10.09
368,Haines Junction,CA,2020-06-19 01:24:12,60.75,-137.51,58.14,52,100,6.51
369,Egvekinot,RU,2020-06-19 01:24:13,66.32,-179.17,62.38,34,0,0.67
370,Alugan,PH,2020-06-19 01:24:13,12.22,125.48,82.71,71,100,4.25
371,Beringovskiy,RU,2020-06-19 01:24:13,63.05,179.32,51.33,53,8,4.68
372,Makamba,BI,2020-06-19 01:24:13,-4.13,29.8,59.09,75,72,1.63
373,Nome,US,2020-06-19 01:24:14,64.5,-165.41,53.6,81,40,6.93
374,Maarianhamina,AX,2020-06-19 01:24:14,60.1,19.93,50.0,93,0,2.24
375,Wanning,CN,2020-06-19 01:24:14,18.8,110.4,84.81,81,100,11.18
376,Kampene,CD,2020-06-19 01:24:14,-3.6,26.67,71.53,69,81,0.36
377,Muros,ES,2020-06-19 01:24:15,42.78,-9.06,52.0,91,85,3.74
378,Mitsamiouli,KM,2020-06-19 01:24:15,-11.38,43.28,77.7,62,0,10.69
379,Richards Bay,ZA,2020-06-19 01:24:15,-28.78,32.04,57.76,87,100,5.32
380,Catamarca,AR,2020-06-19 01:24:15,-28.47,-65.79,46.99,43,73,5.01
381,Hjelset,NO,2020-06-19 01:24:16,62.78,7.48,66.2,63,0,14.99
382,Rosia,RO,2020-06-19 01:24:16,45.82,24.32,61.0,100,98,3.36
383,Yacuiba,BO,2020-06-19 01:24:16,-22.04,-63.68,60.22,61,0,2.95
384,Tayu,ID,2020-06-19 01:24:16,-6.54,111.05,81.36,72,95,9.33
385,Along,IN,2020-06-19 01:24:16,28.17,94.77,74.57,90,100,1.14
386,Gondanglegi,ID,2020-06-19 01:24:16,-7.75,112.01,78.89,80,1,12.53
387,Tres Arroyos,AR,2020-06-19 01:20:37,-38.37,-60.28,49.78,62,0,10.74
388,Bonthe,SL,2020-06-19 01:24:17,7.53,-12.51,78.46,87,100,10.87
389,Coracora,PE,2020-06-19 01:24:17,-15.03,-73.78,48.07,55,0,0.92
390,Lorengau,PG,2020-06-19 01:24:17,-2.02,147.27,84.13,76,3,5.93
391,Jamame,SO,2020-06-19 01:24:18,0.07,42.75,73.98,91,100,6.8
392,Aklavik,CA,2020-06-19 01:24:18,68.22,-135.01,64.4,55,40,8.05
393,Belomorsk,RU,2020-06-19 01:24:18,64.52,34.77,59.79,96,73,7.78
394,Mehamn,NO,2020-06-19 01:24:19,71.04,27.85,43.27,83,100,23.47
395,Horadiz,AZ,2020-06-19 01:24:19,39.45,47.34,64.4,77,0,4.7
396,Cerknica,SI,2020-06-19 01:24:20,45.79,14.36,57.0,90,11,3.36
397,Navrongo,GH,2020-06-19 01:24:20,10.9,-1.09,78.89,74,100,10.94
398,Lewisville,US,2020-06-19 01:20:02,33.05,-96.99,90.0,35,5,16.11
399,Grand Gaube,MU,2020-06-19 01:24:20,-20.01,57.66,71.01,69,86,8.99
400,Vila Franca Do Campo,PT,2020-06-19 01:24:20,37.72,-25.43,64.4,68,75,3.36
401,Kunashak,RU,2020-06-19 01:24:21,55.7,61.55,48.2,70,20,4.47
402,Nshamba,TZ,2020-06-19 01:24:21,-1.8,31.55,69.8,64,61,3.36
403,Irricana,CA,2020-06-19 01:24:21,51.32,-113.6,60.01,62,100,3.62
404,Muzhi,RU,2020-06-19 01:24:21,65.37,64.67,42.96,63,71,10.07
405,Vostok,RU,2020-06-19 01:24:21,46.49,135.88,56.66,78,93,3.15
406,Jacareacanga,BR,2020-06-19 01:24:22,-6.22,-57.75,79.16,69,98,1.12
407,Khani,GE,2020-06-19 01:24:22,41.96,42.96,64.4,93,90,9.17
408,Tarko-Sale,RU,2020-06-19 01:24:22,64.92,77.78,46.99,62,24,16.87
409,Anadyr,RU,2020-06-19 01:24:22,64.75,177.48,69.8,28,20,11.18
410,Arlit,NE,2020-06-19 01:24:22,18.74,7.39,91.42,12,0,10.11
411,Verkhovazhye,RU,2020-06-19 01:24:23,60.75,42.05,54.61,75,0,7.65
412,Guerrero Negro,MX,2020-06-19 01:24:23,27.98,-114.06,67.5,67,0,18.61
413,Preobrazheniye,RU,2020-06-19 01:24:23,42.9,133.91,54.97,81,99,9.51
414,Saint-Louis,SN,2020-06-19 01:24:23,16.33,-15.0,98.6,30,49,4.7
415,Conceicao Do Araguaia,BR,2020-06-19 01:24:24,-8.26,-49.26,77.0,61,88,2.24
416,Hluboka Nad Vltavou,CZ,2020-06-19 01:24:24,49.05,14.43,57.0,86,100,6.8
417,Takoradi,GH,2020-06-19 01:24:24,4.88,-1.76,77.04,87,99,12.19
418,Gazanjyk,TM,2020-06-19 01:24:24,39.24,55.52,79.92,16,0,15.14
419,Shakiso,ET,2020-06-19 01:24:25,5.75,38.92,57.99,89,75,2.66
420,Yendi,GH,2020-06-19 01:24:25,9.44,-0.01,74.14,90,100,6.29
421,Arona,ES,2020-06-19 01:24:25,28.1,-16.68,73.0,64,20,4.7
422,Sioux Lookout,CA,2020-06-19 01:24:25,50.1,-91.92,69.8,88,75,9.17
423,Durham,US,2020-06-19 01:21:04,36.03,-78.87,73.4,73,75,3.36
424,Bandar,ID,2020-06-19 01:24:26,2.05,99.75,75.87,75,98,0.76
425,Isangel,VU,2020-06-19 01:24:26,-19.55,169.27,78.8,69,90,5.82
426,Los Llanos De Aridane,ES,2020-06-19 01:24:26,28.66,-17.92,71.6,78,75,13.87
427,Shahrud,IR,2020-06-19 01:24:26,36.42,54.98,73.08,27,0,4.97
428,Kijang,KR,2020-06-19 01:24:27,35.24,129.21,75.2,60,40,14.99
429,Vredendal,ZA,2020-06-19 01:24:27,-31.67,18.5,64.45,36,0,16.69
430,Namatanai,PG,2020-06-19 01:24:27,-3.67,152.43,85.28,69,20,2.08
431,Nemuro,JP,2020-06-19 01:24:27,43.32,145.57,55.4,100,75,5.82
432,Taltal,CL,2020-06-19 01:23:18,-25.4,-70.48,59.59,65,79,3.8
433,Ilinskiy,RU,2020-06-19 01:24:28,55.62,38.12,71.01,93,47,6.71
434,Santa Isabel Do Para,BR,2020-06-19 01:24:28,-1.3,-48.16,77.0,88,40,4.7
435,Baruun-Urt,MN,2020-06-19 01:24:28,46.68,113.28,74.62,40,100,14.43
436,Mackenzie,CA,2020-06-19 01:24:28,55.3,-123.17,69.8,52,90,2.24
437,Grudziadz,PL,2020-06-19 01:24:29,53.48,18.75,57.99,86,0,1.01
438,Palmas,BR,2020-06-19 01:24:29,-10.21,-48.36,73.4,78,4,5.82
439,Carballo,ES,2020-06-19 01:24:29,43.21,-8.69,53.01,91,100,1.01
440,Victoria Point,AU,2020-06-19 01:24:29,-27.58,153.3,68.0,78,61,12.19
441,Chicama,PE,2020-06-19 01:24:29,-7.84,-79.15,64.87,78,2,5.26
442,Srednekolymsk,RU,2020-06-19 01:24:30,67.45,153.68,88.74,18,0,8.7
443,Portland,US,2020-06-19 01:20:48,45.52,-122.68,81.0,32,75,11.41
444,Bagdarin,RU,2020-06-19 01:24:30,54.43,113.6,59.07,48,0,4.97
445,Back Mountain,US,2020-06-19 01:24:30,41.34,-76.0,69.01,96,39,1.01
446,Cattolica,IT,2020-06-19 01:24:31,43.96,12.74,68.0,72,0,2.24
447,Bandarbeyla,SO,2020-06-19 01:24:31,9.49,50.81,80.2,66,9,28.34
448,Mancheral,IN,2020-06-19 01:24:31,18.87,79.43,81.5,76,100,9.6
449,Narsaq,GL,2020-06-19 01:24:31,60.92,-46.05,41.0,78,99,6.93
450,Alofi,NU,2020-06-19 01:24:31,-19.06,-169.92,77.0,69,75,19.46
451,Horsham,GB,2020-06-19 01:24:32,51.06,-0.33,59.0,93,28,8.05
452,Malinyi,TZ,2020-06-19 01:24:32,-8.93,36.13,67.39,69,65,2.91
453,Leeuwarden,NL,2020-06-19 01:24:32,53.2,5.81,61.0,87,90,3.36
454,Chadan,RU,2020-06-19 01:24:32,51.28,91.58,60.24,56,0,2.82
455,Maceio,BR,2020-06-19 01:24:33,-9.67,-35.74,75.2,78,20,4.7
456,Marrakesh,MA,2020-06-19 01:19:46,31.63,-8.01,68.0,64,75,11.41
457,Kudahuvadhoo,MV,2020-06-19 01:24:33,2.67,72.89,83.84,75,27,6.35
458,Hualmay,PE,2020-06-19 01:24:33,-11.1,-77.61,62.08,84,15,6.6
459,Honiara,SB,2020-06-19 01:24:34,-9.43,159.95,91.4,66,40,8.05
460,Bouca,CF,2020-06-19 01:24:34,6.51,18.27,69.87,92,100,1.92
461,Karratha,AU,2020-06-19 01:24:34,-20.74,116.85,77.13,43,0,10.33
462,Sungairaya,ID,2020-06-19 01:24:34,0.7,108.9,81.99,82,100,5.84
463,Gloversville,US,2020-06-19 01:24:34,43.05,-74.34,73.99,100,40,5.82
464,Paka,MY,2020-06-19 01:24:35,4.64,103.44,75.2,100,20,3.83
465,Kribi,CM,2020-06-19 01:24:35,2.95,9.92,76.41,88,100,7.23
466,La Ronge,CA,2020-06-19 01:24:36,55.1,-105.28,51.8,57,90,11.41
467,Bodden Town,KY,2020-06-19 01:24:36,19.28,-81.25,86.0,79,20,5.82
468,Acarau,BR,2020-06-19 01:24:36,-2.89,-40.12,78.39,80,0,12.57
469,Kuressaare,EE,2020-06-19 01:24:36,58.25,22.5,61.0,82,6,8.05
470,Manono,CD,2020-06-19 01:24:37,-7.3,27.42,65.1,47,6,2.86
471,Pakhtakoron,TJ,2020-06-19 01:24:37,40.16,68.75,67.14,32,0,2.39
472,Rentina,GR,2020-06-19 01:24:37,40.66,23.61,68.0,82,0,4.0
473,Bereda,ES,2020-06-19 01:24:37,43.27,-7.54,48.99,100,85,1.01
474,Aden,YE,2020-06-19 01:24:37,12.78,45.04,86.68,74,0,4.54
475,Smithers,CA,2020-06-19 01:24:38,54.78,-127.17,68.0,60,90,3.36
476,Chunskiy,RU,2020-06-19 01:24:38,56.08,99.63,62.33,48,100,4.03
477,Sakakah,SA,2020-06-19 01:24:38,29.97,40.21,78.8,41,0,16.11
478,Maniitsoq,GL,2020-06-19 01:24:38,65.42,-52.9,41.11,76,60,13.18
479,Vila Velha,BR,2020-06-19 01:24:38,-20.33,-40.29,66.99,93,0,4.54
480,Porteirinha,BR,2020-06-19 01:24:39,-15.74,-43.03,65.8,71,63,4.85
481,Kidal,ML,2020-06-19 01:24:39,18.44,1.41,84.58,41,0,10.31
482,Port Lincoln,AU,2020-06-19 01:24:39,-34.73,135.87,60.3,69,3,18.25
483,Hitoyoshi,JP,2020-06-19 01:24:39,32.22,130.75,71.6,100,75,8.05
484,Presidencia Roque Saenz Pena,AR,2020-06-19 01:24:40,-26.79,-60.44,66.42,58,60,5.41
485,Sharqpur,PK,2020-06-19 01:24:40,31.46,74.1,87.8,48,40,5.82
486,Congonhas,BR,2020-06-19 01:24:40,-20.5,-43.86,54.37,88,0,2.8
487,Comodoro Rivadavia,AR,2020-06-19 01:22:15,-45.87,-67.5,51.8,62,6,4.7
488,Marienburg,PL,2020-06-19 01:24:40,54.04,19.03,60.01,100,20,4.7
489,Haines City,US,2020-06-19 01:24:41,28.11,-81.62,77.0,83,1,6.93
490,Wajir,KE,2020-06-19 01:24:41,1.75,40.06,75.33,72,94,15.84
491,Santona,ES,2020-06-19 01:24:41,43.44,-3.46,61.0,82,90,2.24
492,Kovdor,RU,2020-06-19 01:24:42,67.57,30.48,47.25,84,100,13.18
493,Kawalu,ID,2020-06-19 01:24:42,-7.38,108.21,73.26,93,100,1.16
494,San Lorenzo,PY,2020-06-19 01:24:42,-25.33,-57.53,71.6,88,100,3.36
495,Boddam,GB,2020-06-19 01:24:42,57.47,-1.78,52.0,100,90,5.82
496,Yanliang,CN,2020-06-19 01:24:42,34.66,109.23,77.0,73,100,11.18
497,Xiaoweizhai,CN,2020-06-19 01:24:43,26.19,107.51,71.78,92,100,3.02
498,Khagaria,IN,2020-06-19 01:24:43,25.5,86.48,79.03,89,100,13.2
499,Balabac,PH,2020-06-19 01:24:43,7.99,117.06,86.45,67,70,3.6
500,Omoljica,RS,2020-06-19 01:24:44,44.76,20.73,62.6,88,99,3.36
501,Kasongo-Lunda,CD,2020-06-19 01:24:44,-6.47,16.82,63.7,43,92,1.39
502,Orsta,NO,2020-06-19 01:24:44,62.2,6.13,64.0,67,66,5.99
503,Cheremshan,RU,2020-06-19 01:24:44,54.67,51.5,48.33,81,0,5.01
504,Hami,CN,2020-06-19 01:24:45,42.8,93.45,83.64,19,100,13.76
505,Taywarah,AF,2020-06-19 01:24:45,33.35,64.42,50.32,45,0,6.35
506,Lufilufi,WS,2020-06-19 01:24:45,-13.87,-171.6,89.6,52,75,9.17
507,Pavlohrad,UA,2020-06-19 01:24:45,48.52,35.87,68.0,64,100,8.95
508,Salym,RU,2020-06-19 01:24:45,60.06,71.48,43.34,63,0,7.7
509,Tiznit,MA,2020-06-19 01:24:46,29.58,-9.5,62.47,80,50,5.01
510,Ginir,ET,2020-06-19 01:24:46,7.13,40.7,55.62,93,7,5.37
511,Dolores Hidalgo,MX,2020-06-19 01:24:46,21.16,-100.93,78.01,42,55,4.0
512,Coro,VE,2020-06-19 01:24:47,11.4,-69.67,79.88,76,100,16.67
513,Batavia,US,2020-06-19 01:21:31,41.85,-88.31,82.0,39,1,10.29
514,Nha Trang,VN,2020-06-19 01:24:47,12.25,109.18,89.6,70,20,4.7
515,Athabasca,CA,2020-06-19 01:24:47,54.72,-113.29,62.24,54,83,4.27
516,Anta,IN,2020-06-19 01:24:47,25.15,76.3,87.8,66,75,3.36
517,Yola,NG,2020-06-19 01:24:47,9.2,12.48,75.0,89,88,4.61
518,Saint-Francois,FR,2020-06-19 01:24:48,46.42,3.91,53.6,81,90,4.7
519,Provost,CA,2020-06-19 01:24:48,52.35,-110.27,57.51,50,0,8.97
520,Tual,ID,2020-06-19 01:24:48,-5.67,132.75,81.39,82,7,20.11
521,Sambava,MG,2020-06-19 01:24:48,-14.27,50.17,72.93,81,100,20.07
522,Ankpa,NG,2020-06-19 01:22:03,7.37,7.63,71.62,96,100,5.35
523,Homer,US,2020-06-19 01:20:22,59.64,-151.55,53.6,76,75,16.11
524,Mackay,AU,2020-06-19 01:24:49,-21.15,149.2,71.6,78,40,17.22
525,Agadez,NE,2020-06-19 01:24:49,19.75,10.25,85.26,16,0,5.91
526,Peniche,PT,2020-06-19 01:24:49,39.36,-9.38,62.01,84,0,5.99
527,Lima,PE,2020-06-19 01:24:49,-12.04,-77.03,64.4,82,90,3.36
528,Teguldet,RU,2020-06-19 01:24:50,57.31,88.17,59.65,93,83,7.0
529,Alice Springs,AU,2020-06-19 01:24:50,-23.7,133.88,68.0,42,0,1.12
530,Necochea,AR,2020-06-19 01:24:50,-38.55,-58.74,46.0,90,0,3.0
531,Caravelas,BR,2020-06-19 01:24:50,-17.71,-39.25,71.92,91,17,8.03
532,Rocha,UY,2020-06-19 01:24:51,-34.48,-54.33,54.05,84,71,8.39
533,San Patricio,MX,2020-06-19 01:24:51,19.22,-104.7,82.4,78,5,11.41
534,Destin,US,2020-06-19 01:24:51,30.39,-86.5,81.0,61,1,4.7
535,Laramie,US,2020-06-19 01:23:38,41.31,-105.59,62.6,33,40,20.8
536,Oudtshoorn,ZA,2020-06-19 01:24:52,-33.59,22.2,66.2,34,0,4.7
537,Kandrian,PG,2020-06-19 01:24:52,-6.22,149.55,81.73,82,31,11.16
538,Bafq,IR,2020-06-19 01:24:52,31.61,55.41,83.23,14,0,7.63
539,Radviliskis,LT,2020-06-19 01:24:52,55.82,23.53,66.2,88,0,5.82
540,Colac,AU,2020-06-19 01:24:03,-38.33,143.58,57.0,88,8,1.01
541,Bardiyah,LY,2020-06-19 01:24:53,31.76,25.09,70.54,78,0,17.4
542,Yarmouth,US,2020-06-19 01:24:53,41.71,-70.23,66.2,93,90,6.93
543,Terrace,CA,2020-06-19 01:23:05,54.52,-128.6,60.8,82,90,10.29
544,Tahta,EG,2020-06-19 01:24:53,26.77,31.5,78.8,39,0,4.7
545,Rupert,US,2020-06-19 01:24:53,42.62,-113.68,69.8,28,1,2.1
546,Buchanan,LR,2020-06-19 01:24:54,5.88,-10.05,75.2,94,75,6.58
547,Mabaruma,GY,2020-06-19 01:24:54,8.2,-59.78,76.89,90,100,3.87
548,Clemson,US,2020-06-19 01:24:54,34.68,-82.84,73.99,83,75,3.29
549,San Juan,AR,2020-06-19 01:24:54,-31.54,-68.54,53.51,38,1,3.85
550,Shitanjing,CN,2020-06-19 01:24:55,39.23,106.34,79.07,22,11,7.87
551,Gunjur,GM,2020-06-19 01:24:55,13.2,-16.73,80.6,88,40,9.17
552,Samarai,PG,2020-06-19 01:23:04,-10.62,150.67,79.77,82,28,15.95
553,Tonekabon,IR,2020-06-19 01:24:55,36.82,50.87,73.4,88,0,2.24
554,Impfondo,CG,2020-06-19 01:24:56,1.64,18.07,72.03,67,100,2.28
555,Bobon,PH,2020-06-19 01:24:56,12.52,124.56,82.36,77,100,3.38
556,Kasempa,ZM,2020-06-19 01:24:56,-13.46,25.83,47.32,81,0,5.39
557,Tutoia,BR,2020-06-19 01:24:56,-2.76,-42.27,76.87,83,0,6.62
558,Rota,ES,2020-06-19 01:24:56,36.62,-6.36,66.2,88,0,4.7
